year,low-carbon_elec_share
2020.0,0.617983963344788
2021.0,0.6343490304709142
2022.0,0.6563199105145414
2023.0,0.7016759776536313
